 ,Label,slice,Saturated,J.D.-2400000,JD_UTC,JD_SOBS,HJD_UTC,BJD_TDB,AIRMASS,ALT_OBJ,CCD-TEMP,EXPTIME,RAOBJ2K,DECOBJ2K,Source_Radius,FWHM_Mult,Source_Rad(base),Sky_Rad(min),Sky_Rad(max),rel_flux_T1,rel_flux_C2,rel_flux_C3,rel_flux_err_T1,rel_flux_err_C2,rel_flux_err_C3,rel_flux_SNR_T1,rel_flux_SNR_C2,rel_flux_SNR_C3,tot_C_cnts,tot_C_err,X(IJ)_T1,Y(IJ)_T1,X(FITS)_T1,Y(FITS)_T1,Source-Sky_T1,Source_Error_T1,Source_SNR_T1,Peak_T1,Mean_T1,Sky/Pixel_T1,Width_T1,X-Width_T1,Y-Width_T1,Angle_T1,Roundness_T1,X(IJ)_C2,Y(IJ)_C2,X(FITS)_C2,Y(FITS)_C2,Source-Sky_C2,Source_Error_C2,Source_SNR_C2,Peak_C2,Mean_C2,Sky/Pixel_C2,Width_C2,X-Width_C2,Y-Width_C2,Angle_C2,Roundness_C2,X(IJ)_C3,Y(IJ)_C3,X(FITS)_C3,Y(FITS)_C3,Source-Sky_C3,Source_Error_C3,Source_SNR_C3,Peak_C3,Mean_C3,Sky/Pixel_C3,Width_C3,X-Width_C3,Y-Width_C3,Angle_C3,Roundness_C3
1,vesta-0002r.fit,1,0,59293.529472,2459293.529472,NaN,NaN,NaN,1.560124,NaN,-19.977101,0.8,NaN,NaN,12.211326,1.6,12,40,60,18.119712,1.801997,0.55494,0.282493,0.062254,0.019172,64.142197,28.945766,28.945766,34357.125094,533.492289,943.122714,798.121356,943.622714,538.378644,622541.199557,868.265671,716.993911,21477,1581.597872,257.042129,7.450046,7.627542,7.272551,333.44465,0.993706,1138.798389,821.325096,1139.298389,515.174904,22095.469066,389.834702,56.679072,1032,302.25641,255.04387,7.402641,7.659441,7.145841,350.397383,0.994615,610.962087,1113.237925,611.462087,223.262075,12261.656028,364.201768,33.667206,669,263.315451,237.002884,7.375804,7.609254,7.142355,327.242535,0.976719
2,vesta-0003r.fit,2,0,59293.529623,2459293.529623,NaN,NaN,NaN,1.558862,NaN,-19.977101,0.8,NaN,NaN,11.223324,1.6,12,40,60,18.775799,1.872813,0.533956,0.280054,0.062814,0.017909,67.043477,29.815369,29.815369,33070.467093,491.165368,941.900514,796.661165,942.400514,539.838835,620924.445485,854.424904,726.716231,28786,1824.426768,256.435744,6.962816,6.90579,7.019843,305.471477,0.997484,1137.141367,820.110255,1137.641367,516.389745,21558.938402,359.076295,60.039993,1385,309.480916,254.623566,6.778768,6.685482,6.872054,300.876278,0.996619,609.974211,1111.738346,610.474211,224.761654,11511.528691,335.123311,34.350128,757,266.085859,237.016342,7.270222,7.45246,7.087984,323.927976,0.973302
3,vesta-0004r.fit,3,0,59293.529785,2459293.529785,NaN,NaN,NaN,1.557505,NaN,-19.977101,0.8,NaN,NaN,11.925829,1.6,12,40,60,18.080664,1.974224,0.506528,0.279099,0.069981,0.017955,64.782198,28.210889,28.210889,33932.36783,521.632218,943.02668,798.40172,943.52668,538.09828,613519.745404,859.053105,714.181396,17568,1622.374165,255.960478,7.566849,7.401073,7.732625,289.764212,0.996776,1138.219703,821.151529,1138.719703,515.348471,22523.553488,382.118228,58.943939,955,304.633929,254.35814,7.680059,7.765666,7.594452,320.964318,0.98837,611.23863,1112.787357,611.73863,223.712643,11408.814341,355.085666,32.129752,577,262.364653,236.841579,7.058011,7.19419,6.921831,330.131683,0.994142
4,vesta-0005r.fit,4,0,59293.535792,2459293.535792,NaN,NaN,NaN,1.509562,NaN,-20.417621,0.8,NaN,NaN,10.440662,1.6,12,40,60,18.135708,1.81248,0.55173,0.250132,0.055328,0.016842,72.504553,32.758828,32.758828,33602.925204,461.147878,943.008606,802.493972,943.508606,534.006028,609412.843123,838.442779,726.838919,25856,2027.133721,255.584758,6.917592,6.991413,6.843771,333.599048,0.998754,1137.314218,819.95679,1137.814218,516.54321,21655.131476,338.360124,64.000247,1325,317.492711,254.358217,6.490735,6.493168,6.488302,315.371884,0.996664,609.922792,1111.27392,610.422792,225.22608,11947.793728,313.32059,38.132808,767,271.833333,236.898264,5.9419,5.639633,6.244168,65.315446,0.975715
5,vesta-0006r.fit,5,0,59293.535942,2459293.535942,NaN,NaN,NaN,1.508418,NaN,-20.417621,0.8,NaN,NaN,12.479752,1.6,12,40,60,17.33262,1.833844,0.545303,0.27208,0.064267,0.01911,63.704067,28.53487,28.53487,34912.571956,545.789266,942.12871,803.14932,942.62871,533.35068,605126.340476,860.590449,703.152517,21710,1498.084189,255.524968,7.492886,7.62878,7.356993,347.246745,0.998386,1136.361507,820.2978,1136.861507,516.2022,22592.707763,398.318269,56.72024,1026,299.989817,253.976155,7.669254,7.955441,7.383067,341.278206,0.991188,608.663949,1111.775922,609.163949,224.724078,12319.864193,373.133327,33.017325,679,261.596741,236.505368,7.787205,7.815314,7.759096,316.770228,0.986333
6,vesta-0007r.fit,6,0,59293.536093,2459293.536093,NaN,NaN,NaN,1.507276,NaN,-19.977101,0.8,NaN,NaN,11.581249,1.6,12,40,60,17.569358,1.858241,0.538143,0.262013,0.062118,0.017989,67.055255,29.914495,29.914495,34235.266036,508.269911,942.392491,801.777783,942.892491,534.722217,601491.633062,847.36917,709.834219,27439,1681.388626,256.053002,6.968509,6.983797,6.95322,30.164287,0.999921,1136.786076,818.742082,1137.286076,517.757918,22257.526065,371.451961,59.920335,1189,307.225118,254.482166,6.796904,7.116707,6.477102,9.359775,0.990171,609.401039,1110.308805,609.901039,226.191195,11977.73997,346.931901,34.524758,821,265.127358,236.877972,7.322957,7.614337,7.031578,17.631573,0.990531
7,vesta-0008r.fit,7,0,59293.541799,2459293.541799,NaN,NaN,NaN,1.46587,NaN,-19.977101,0.8,NaN,NaN,11.758766,1.6,12,40,60,18.063237,1.847566,0.541253,0.27148,0.062075,0.018185,66.536059,29.763418,29.763418,34238.456493,512.378773,942.596204,808.175468,943.096204,528.324532,618457.367205,859.797878,719.305528,23374,1670.601831,255.367581,7.305035,7.2273,7.38277,303.360833,0.997101,1135.672779,819.433051,1136.172779,517.066949,22214.69282,374.821911,59.267327,1186,305.612529,254.070318,7.006379,6.676059,7.336699,296.046487,0.97655,608.318108,1110.30423,608.818108,226.19577,12023.763673,349.343014,34.418217,754,264.419954,236.52259,7.013761,6.699306,7.328217,280.677281,0.990768
8,vesta-0009r.fit,8,0,59293.541961,2459293.541961,NaN,NaN,NaN,1.464746,NaN,-20.417621,0.8,NaN,NaN,10.124561,1.6,12,40,60,17.907539,1.933415,0.517219,0.236179,0.057728,0.015443,75.821883,33.492099,33.492099,34104.879567,447.377332,943.265541,807.997838,943.765541,528.502162,610734.473051,835.323486,731.135282,30845,2151.677019,254.986109,6.482351,6.734031,6.230672,353.798485,0.993698,1136.290874,818.803428,1136.790874,517.696572,22478.540792,329.741401,68.170211,1434,323.510903,253.484297,6.63578,6.64557,6.62599,316.505712,0.996846,608.643988,1109.947544,609.143988,226.552456,11626.338776,302.352585,38.452917,913,272.514107,236.067904,5.787082,5.603951,5.970212,77.925423,0.995199
9,vesta-0010r.fit,9,0,59293.542111,2459293.542111,NaN,NaN,NaN,1.463705,NaN,-20.417621,0.8,NaN,NaN,10.519067,1.6,12,40,60,17.838375,1.883166,0.531021,0.241637,0.057375,0.016179,73.822901,32.821985,32.821985,34355.231014,462.986073,943.926995,808.917596,944.426995,527.582404,612841.479482,839.827059,729.723427,30277,2046.149123,254.214972,6.48319,6.47157,6.494809,309.007338,0.999702,1136.98089,819.81948,1137.48089,516.68052,22439.432353,339.083132,66.176787,1293,318.15407,252.923162,6.718008,6.711454,6.724563,48.32275,0.999716,609.389141,1111.264075,609.889141,225.235925,11915.798661,315.243926,37.798662,795,270.215517,235.974716,6.342078,6.180278,6.503878,54.574327,0.975835
10,vesta-0011r.fit,10,0,59293.54688,2459293.54688,NaN,NaN,NaN,1.431916,NaN,-19.977101,0.8,NaN,NaN,10.110984,1.6,12,40,60,17.608803,1.915154,0.522151,0.232102,0.057124,0.015574,75.866738,33.5263,33.5263,34212.951708,448.489276,941.745974,814.425414,942.245974,522.074586,602449.13587,830.29396,725.585353,31594,2132.174455,255.38587,6.376808,6.412237,6.34138,9.413402,0.999862,1133.970522,820.651358,1134.470522,515.848642,22476.71204,328.728604,68.374677,1395,324.786164,254.104679,6.542264,6.552824,6.531703,42.850122,0.998146,606.089494,1111.909532,606.589494,224.590468,11736.239668,305.090373,38.468076,857,272.734568,236.511606,5.977358,5.869704,6.085012,51.706598,0.975904
11,vesta-0012r.fit,11,0,59293.54703,2459293.54703,NaN,NaN,NaN,1.43095,NaN,-19.977101,0.8,NaN,NaN,10.968488,1.6,12,40,60,17.324976,1.866832,0.535667,0.24131,0.058294,0.016727,71.795436,32.024248,32.024248,34853.850913,483.030068,941.730084,813.437637,942.230084,523.062363,603842.130751,840.553343,718.386449,35636,1856.129973,254.426709,6.531962,6.534747,6.529177,322.175311,0.999988,1133.846417,819.421905,1134.346417,517.078095,22696.233577,353.673333,64.172872,1574,313.806366,253.604155,6.707606,6.434423,6.98079,88.065758,0.993357,606.087831,1110.964339,606.587831,225.535661,12157.617337,328.988176,36.954572,852,268.115789,236.12206,6.778201,6.500455,7.055948,75.437011,0.991228
12,vesta-0013r.fit,12,0,59293.547192,2459293.547192,NaN,NaN,NaN,1.429912,NaN,-19.977101,0.8,NaN,NaN,10.814306,1.6,12,40,60,17.44491,1.825831,0.547696,0.241502,0.056116,0.016833,72.235108,32.536921,32.536921,34422.97547,474.120883,941.09386,813.620226,941.59386,522.879774,600505.69868,836.721492,717.688866,33311,1890.449591,254.194282,6.543921,6.590805,6.497038,30.162425,0.999162,1133.088379,819.549652,1133.588379,516.950348,22241.435591,347.682589,63.970519,1495,314.093151,253.157711,6.725126,6.507756,6.942496,82.614308,0.99554,605.309375,1111.301084,605.809375,225.198916,12181.53988,322.346753,37.790174,961,268.89863,235.524548,6.655369,7.178264,6.132475,24.991884,0.941011
13,vesta-0014r.fit,13,0,59293.552539,2459293.552539,NaN,NaN,NaN,1.397048,NaN,-20.417621,0.8,NaN,NaN,9.453521,1.6,12,40,60,17.16316,1.928274,0.518599,0.208646,0.05296,0.014243,82.25965,36.409968,36.409968,34922.67617,421.834877,941.681093,818.345598,942.181093,518.154402,599383.488831,821.547835,729.57832,48750,2371.5053,253.542442,5.584483,5.720191,5.448774,8.825615,0.997402,1132.642519,819.074451,1133.142519,517.425549,22996.647037,310.886172,73.971277,2026,335.898917,252.878531,5.754497,5.761535,5.747458,43.169566,0.998532,604.911535,1110.178126,605.411535,226.321874,11926.029133,285.121819,41.827838,1188,278.235714,235.642753,5.873874,6.243625,5.504122,20.187196,0.972905
14,vesta-0015r.fit,14,0,59293.55269,2459293.55269,NaN,NaN,NaN,1.396162,NaN,-19.977101,0.8,NaN,NaN,9.830526,1.6,12,40,60,17.481913,1.822716,0.548632,0.226272,0.052378,0.015766,77.260604,34.799245,34.799245,33869.299603,435.857298,941.766931,818.595268,942.266931,517.904732,592100.136114,820.557018,721.583172,35668,2207.9967,253.870838,6.048556,6.104503,5.992608,27.89359,0.998918,1132.497817,819.334175,1132.997817,517.165825,21870.467305,318.892881,68.582488,1997,326.090301,252.944925,5.929249,5.638895,6.219603,272.974845,0.99035,604.933946,1110.53172,605.433946,225.96828,11998.832298,297.117678,40.384108,1202,275.212418,236.000548,6.07247,5.924916,6.220024,51.500023,0.953383
15,vesta-0016r.fit,15,0,59293.552852,2459293.552852,NaN,NaN,NaN,1.395209,NaN,-20.417621,0.8,NaN,NaN,10.923503,1.6,12,40,60,16.89876,1.781569,0.561303,0.225143,0.052161,0.016434,75.058033,34.154935,34.154935,36236.665598,480.189374,942.299021,818.462408,942.799021,518.037592,612354.698991,844.363787,725.226151,44329,1904.037736,253.485987,6.065282,6.510954,5.619609,357.351017,0.978451,1132.916495,818.605307,1133.416495,517.894693,23209.246479,352.48279,65.845049,1785,314.609626,252.552817,6.543483,6.942398,6.144568,345.441867,0.980666,605.472023,1109.693605,605.972023,226.806395,13027.419119,326.094645,39.94981,1120,270.568733,235.454396,6.490518,7.028217,5.952819,4.011985,0.972382
16,vesta-0017r.fit,16,60022,59293.558083,2459293.558083,NaN,NaN,NaN,1.365662,NaN,-20.417621,0.8,NaN,NaN,8.738825,1.6,12,40,60,16.816484,1.863166,0.536721,0.191846,0.047043,0.013552,87.656272,39.605327,39.605327,35078.816749,397.285381,941.083001,823.846853,941.583001,512.653147,589902.345267,808.800346,729.354714,60022,2680.576132,252.994464,5.299834,5.19689,5.402777,297.071001,0.995605,1130.944885,819.013019,1131.444885,517.486981,22827.060366,295.439713,77.264698,2560,346.254098,252.700572,5.070159,5.022059,5.11826,305.605766,0.99653,603.523798,1109.699543,604.023798,226.800457,12251.756384,265.614475,46.126087,1811,287.046414,235.351239,5.99616,6.166348,5.825973,337.403892,0.993522
17,vesta-0018r.fit,17,0,59293.558245,2459293.558245,NaN,NaN,NaN,1.364784,NaN,-19.977101,0.8,NaN,NaN,10.291125,1.6,12,40,60,17.157383,1.809144,0.552747,0.225233,0.052439,0.016022,76.17601,34.499788,34.499788,34826.749407,454.628808,942.006485,824.388536,942.506485,512.111464,597535.892129,828.795077,720.969403,35314,2053.165663,253.358759,6.162079,6.198696,6.125462,339.191809,0.999747,1131.646751,819.192454,1132.146751,517.307546,22429.113966,334.17188,67.118496,1662,320.623494,253.065922,5.713122,5.929062,5.497181,359.151938,0.994297,603.791186,1109.794069,604.291186,226.705931,12397.63544,308.247478,40.219747,970,273.212121,235.643529,6.603276,7.168101,6.038452,8.882046,0.968197
18,vesta-0019r.fit,18,0,59293.558396,2459293.558396,NaN,NaN,NaN,1.36397,NaN,-19.977101,0.8,NaN,NaN,9.501723,1.6,12,40,60,16.781342,1.86803,0.535323,0.20608,0.051168,0.014663,81.431035,36.507478,36.507478,34807.382969,424.6983,940.814419,824.019634,941.314419,512.480366,584114.600513,812.045629,719.312535,44774,2316.908127,252.898938,5.53497,5.591266,5.478675,322.547232,0.993899,1130.678564,818.905658,1131.178564,517.594342,22671.045684,312.915268,72.451069,2070,332.530035,252.420333,5.635561,5.478156,5.792967,73.103423,0.995489,602.877333,1109.76521,603.377333,226.73479,12136.337285,287.145749,42.265426,1230,277.869718,235.136136,6.143508,5.742928,6.544088,271.871514,0.983065
19,vesta-0020r.fit,19,0,59293.563604,2459293.563604,NaN,NaN,NaN,1.336908,NaN,-19.977101,0.8,NaN,NaN,11.086848,1.6,12,40,60,17.110234,1.87905,0.532184,0.238742,0.058948,0.016695,71.668276,31.876316,31.876316,35018.294747,486.148285,941.183107,829.816146,941.683107,506.683854,599171.223163,839.244471,713.941222,28436,1797.131443,252.875713,6.697576,6.594799,6.800353,299.931534,0.996265,1130.021287,819.299009,1130.521287,517.200991,22855.152046,355.804593,64.235124,1263,312.597911,252.923885,6.767979,6.894452,6.641505,22.268357,0.997253,602.181395,1110.527716,602.681395,225.972284,12163.142701,331.275183,36.71613,798,266.878553,235.449244,7.002081,6.658182,7.345981,64.215013,0.975145
20,vesta-0021r.fit,20,0,59293.563755,2459293.563755,NaN,NaN,NaN,1.336157,NaN,-19.977101,0.8,NaN,NaN,8.78269,1.6,12,40,60,17.088829,1.800692,0.555342,0.199097,0.046054,0.014203,85.831659,39.099962,39.099962,34502.056618,399.181488,939.937847,830.42778,940.437847,506.07222,589599.754288,808.226491,729.49818,53363,2699.062241,252.590231,5.269435,5.253579,5.285291,312.50988,0.995194,1128.731057,819.927398,1129.231057,516.572602,22182.937512,294.736167,75.26371,2649,344.364754,253.451076,4.940546,4.776028,5.105064,301.685629,0.97797,600.692613,1110.999866,601.192613,225.500134,12319.119107,269.214509,45.759492,1421,285.979508,235.491315,5.889949,6.437936,5.341961,17.757999,0.948632
21,vesta-0022r.fit,21,0,59293.563917,2459293.563917,NaN,NaN,NaN,1.335351,NaN,-19.977101,0.8,NaN,NaN,9.22159,1.6,12,40,60,17.19962,1.786724,0.559684,0.205686,0.046853,0.014677,83.620942,38.134675,38.134675,34933.114622,415.030369,939.991107,830.79017,940.491107,505.70983,600836.287757,819.379476,733.282081,52506,2511.582707,252.79967,5.473903,5.505492,5.442314,332.95381,0.999613,1128.680808,820.065126,1129.180808,516.434874,22397.564622,305.737767,73.257435,2380,336.011194,252.438192,5.247649,5.267011,5.228287,317.328671,0.991741,600.780556,1111.41443,601.280556,225.08557,12535.55,280.668177,44.66324,1582,282.08209,235.307649,6.339504,6.517979,6.16103,28.798763,0.988977
22,vesta-0023r.fit,22,0,59293.569945,2459293.569945,NaN,NaN,NaN,1.306704,NaN,-19.977101,0.5,NaN,NaN,8.90606,1.6,12,40,60,16.453332,1.72574,0.579462,0.280115,0.063949,0.021472,58.737773,26.986377,26.986377,22797.964847,386.030905,941.25155,835.989128,941.75155,500.510872,375102.495516,663.459117,565.373941,37720,1749.012,248.602018,5.266636,5.12841,5.404862,76.759827,0.996566,1128.889846,819.275454,1129.389846,517.224546,14434.010168,282.373327,51.116762,1699,307.316,249.579959,5.520053,5.33922,5.700886,303.69733,0.971008,600.681134,1110.311996,601.181134,226.188004,8363.954679,263.220751,31.775438,1023,265.266932,231.944404,5.811386,6.029659,5.593114,7.14961,0.994007
23,vesta-0024r.fit,23,0,59293.570095,2459293.570095,NaN,NaN,NaN,1.306022,NaN,-19.977101,0.5,NaN,NaN,7.937626,1.6,12,40,60,17.600614,1.894625,0.527809,0.290709,0.070075,0.019522,60.543664,27.03719,27.03719,21162.329872,347.579779,941.468203,836.088691,941.968203,500.411309,372470.008912,650.348346,572.72385,31294,2148.795918,248.43873,5.139476,5.425456,4.853495,349.289349,0.985797,1129.044397,819.08801,1129.544397,517.41199,13851.425066,257.123063,53.8708,1519,317.70297,249.131559,2.744342,4.425,1.063684,1.717513,-0.26489,601.105275,1110.391177,601.605275,226.108823,7310.904806,233.879099,31.259334,1014,269.126904,232.015712,3.311351,5.032594,1.590107,350.469449,0.25015
24,vesta-0025r.fit,24,0,59293.570246,2459293.570246,NaN,NaN,NaN,1.305342,NaN,-20.417621,0.5,NaN,NaN,8.805109,1.6,12,40,60,17.538509,1.831267,0.54607,0.310918,0.072383,0.021584,56.408748,25.299759,25.299759,21638.519672,381.724008,941.368857,836.51783,941.868857,499.98217,379507.371209,664.944556,570.735361,39960,1823.348548,248.629165,5.011981,4.945223,5.078738,293.171834,0.998511,1128.975718,819.337193,1129.475718,517.162807,13995.820225,278.560343,50.243405,1675,306.721311,249.361393,5.104192,4.881486,5.326897,306.713046,0.906769,600.940285,1110.084781,601.440285,226.415219,7642.699448,260.993014,29.283157,975,262.831325,232.137753,5.369996,4.636049,6.103944,73.530769,0.89777
25,vesta-0026r.fit,25,0,59293.57455,2459293.57455,NaN,NaN,NaN,1.286527,NaN,-19.977101,0.2,NaN,NaN,10.759771,1.6,12,40,60,17.627683,1.673679,0.597486,0.900307,0.185826,0.066338,19.579635,9.006718,9.006718,8646.787797,440.715501,940.873526,842.004781,941.373526,494.495219,152422.831064,498.396424,305.826494,14283,662.054645,245.598822,5.28995,5.432316,5.147584,2.16197,0.997091,1127.503852,820.347518,1128.003852,516.152482,5412.746696,318.672246,16.985309,826,261.386301,246.556858,4.308763,6.248178,2.369348,16.370037,-1.522412,598.828636,1111.008217,599.328636,225.491783,3234.041101,304.430866,10.623237,578,238.252055,229.391668,7.29536,8.494077,6.096643,339.8752,0.824231
26,vesta-0027r.fit,26,0,59293.5747,2459293.5747,NaN,NaN,NaN,1.285891,NaN,-20.417621,0.2,NaN,NaN,9.771905,1.6,12,40,60,16.302884,1.784086,0.560511,0.711874,0.172715,0.054262,22.901346,10.329674,10.329674,9155.278815,398.704114,940.288466,841.11091,940.788466,495.38909,149257.45082,475.684405,313.77411,13036,748.191919,245.64158,5.503571,5.575309,5.431833,18.240351,0.998949,1127.024666,819.667475,1127.524666,516.832525,5866.845929,289.852496,20.240798,800,265.511628,246.020445,6.059935,6.76537,5.354499,359.103433,0.947183,598.673593,1110.461078,599.173593,226.038922,3288.432886,273.770891,12.011624,472,239.616162,228.543997,6.464566,5.393141,7.535991,279.230109,0.884322
27,vesta-0028r.fit,27,0,59293.574851,2459293.574851,NaN,NaN,NaN,1.285257,NaN,-20.417621,0.2,NaN,NaN,10.441302,1.6,12,40,60,16.148033,1.557947,0.64187,0.742707,0.152312,0.062752,21.742126,10.228641,10.228641,9301.342384,426.727278,941.070669,841.621975,941.570669,494.878025,150198.387601,489.547205,306.810837,16732,682.790087,244.893914,5.346711,5.515195,5.178227,357.025787,0.995993,1127.87441,820.147122,1128.37441,516.352878,5665.089158,307.827815,18.403435,853,262.802941,246.140914,5.172257,5.117981,5.226532,46.194751,0.746667,599.856599,1110.415936,600.356599,226.084064,3636.253226,295.530381,12.30416,545,239.098837,228.528334,8.156387,8.944264,7.368509,341.629929,0.942949
28,vesta-0029r.fit,28,0,59293.580696,2459293.580696,NaN,NaN,NaN,1.261743,NaN,-20.417621,0.2,NaN,NaN,8.612862,1.6,12,40,60,16.591586,1.641438,0.609222,0.650158,0.13891,0.051556,25.519304,11.816592,11.816592,9077.955232,354.65621,940.50972,847.867993,941.00972,488.632007,150617.673621,458.016769,328.847509,19268,893.573276,244.359165,4.924871,4.871285,4.978457,79.759074,0.99946,1126.259862,820.384199,1126.759862,516.115801,5641.207209,255.939117,22.041208,1211,270.23176,246.02057,4.68076,5.366141,3.995379,29.874285,0.67614,597.48646,1111.532005,597.98646,224.967995,3436.748023,245.51211,13.998283,676,242.932773,228.492655,5.742536,5.911691,5.573381,317.495551,0.542258
29,vesta-0030r.fit,29,0,59293.580846,2459293.580846,NaN,NaN,NaN,1.261166,NaN,-20.417621,0.2,NaN,NaN,10.039468,1.6,12,40,60,16.000147,1.578208,0.63363,0.711057,0.149388,0.059977,22.501928,10.564492,10.564492,9289.8549,411.756858,940.603978,848.852722,941.103978,487.647278,148639.046051,479.733493,309.836707,22284,716.288889,244.418901,4.690251,4.52644,4.854063,276.089732,0.994906,1126.237167,821.109853,1126.737167,515.390147,5686.633549,298.182847,19.070961,969,263.733542,245.907105,5.702006,5.739393,5.66462,316.088305,0.880795,597.758224,1111.683752,598.258224,224.816248,3603.221352,283.955453,12.68939,727,240.207547,228.876662,7.366241,6.427162,8.305321,293.551174,0.864147
30,vesta-0031r.fit,30,0,59293.580997,2459293.580997,NaN,NaN,NaN,1.26059,NaN,-20.417621,0.2,NaN,NaN,7.867917,1.6,12,40,60,17.689622,1.760023,0.568174,0.647723,0.142007,0.045843,27.310468,12.393936,12.393936,8760.335314,319.751683,940.13772,849.445945,940.63772,487.054055,154967.020489,451.425689,343.283566,25544,1046.943005,244.005075,4.645444,4.579149,4.71174,61.649928,0.997298,1125.579964,821.626737,1126.079964,514.873263,5586.327697,232.663511,24.01033,1271,274.712042,245.464253,3.932393,4.781798,3.082989,359.739516,0.829626,597.441707,1112.371434,597.941707,224.128566,3174.007617,219.337251,14.470901,841,245.057895,228.352591,5.587618,4.217622,6.957615,72.242942,0.677062
31,vesta-0032r.fit,31,0,59293.584735,2459293.584735,NaN,NaN,NaN,1.246705,NaN,-19.977101,0.2,NaN,NaN,9.387438,1.6,12,40,60,16.929712,1.824004,0.548245,0.739582,0.178298,0.053591,22.890919,10.230068,10.230068,8783.792425,382.727486,940.700018,854.090619,941.200018,482.409381,148707.080207,467.854184,317.849205,14974,789.355311,244.640732,5.36382,5.392049,5.33559,5.882421,0.999884,1125.725381,822.129146,1126.225381,514.370854,5673.3883,277.954188,20.411235,834,267.380435,246.82468,4.20912,4.787194,3.631047,327.823239,0.612025,596.889245,1113.629919,597.389245,222.870081,3110.404125,263.100357,11.822121,587,239.945455,228.634894,4.463482,7.422203,1.504762,356.276286,0.137189
32,vesta-0033r.fit,32,0,59293.584885,2459293.584885,NaN,NaN,NaN,1.246163,NaN,-19.977101,0.2,NaN,NaN,10.940464,1.6,12,40,60,17.23412,1.799968,0.555565,0.862376,0.201022,0.062046,19.98446,8.954105,8.954105,8963.258249,447.565562,940.50349,854.447634,941.00349,482.052366,154473.86915,501.732441,307.880967,15914,658.104558,243.965498,5.380416,5.359334,5.401497,313.120072,0.985719,1125.261643,822.218678,1125.761643,514.281322,5762.057839,323.833045,17.793298,758,261.223404,245.898782,4.142632,6.384316,1.900949,4.571971,0.281063,596.690518,1113.303357,597.190518,223.196643,3201.20041,308.945126,10.361712,536,237.023873,228.532625,5.53156,8.76972,2.293399,1.953022,-0.321326
33,vesta-0034r.fit,33,0,59293.585047,2459293.585047,NaN,NaN,NaN,1.245581,NaN,-20.417621,0.2,NaN,NaN,6.916913,1.6,12,40,60,16.187887,1.877529,0.532615,0.507853,0.132715,0.037649,31.875167,14.147029,14.147029,9203.741336,287.513169,940.415569,854.776894,940.915569,481.723106,148989.125348,430.99929,345.682995,14244,1256.945578,243.414113,5.26535,5.299249,5.231452,324.6443,0.998481,1124.888704,823.093156,1125.388704,513.406844,6005.253933,209.859757,28.615557,843,284.807947,245.038053,4.12128,3.9456,4.29696,307.90959,0.879332,596.715521,1113.068216,597.215521,223.431784,3198.487403,196.526601,16.275086,620,249.172185,227.99015,3.540385,3.639969,3.440801,338.467915,0.99408
34,vesta-0035r.fit,34,0,59293.592571,2459293.592571,NaN,NaN,NaN,1.220167,NaN,-20.417621,0.2,NaN,NaN,9.470466,1.6,12,40,60,17.546688,1.710787,0.584526,0.794143,0.169205,0.057812,22.095134,10.110758,10.110758,8582.368951,387.494219,938.529915,863.771055,939.029915,472.728945,150592.14714,472.310621,318.841331,13392,775.427562,243.299833,5.237717,5.393786,5.081648,348.594314,0.995828,1121.637867,824.436105,1122.137867,512.063895,5416.362227,281.317429,19.253561,813,264.522807,245.518027,5.169127,5.988986,4.349268,0.164661,0.90425,593.264264,1114.83845,593.764264,221.66155,3166.006724,266.481282,11.880785,549,239.695035,228.468061,6.937138,6.374353,7.499923,59.598827,0.890816
35,vesta-0036r.fit,35,0,59293.592721,2459293.592721,NaN,NaN,NaN,1.21969,NaN,-20.417621,0.2,NaN,NaN,10.137185,1.6,12,40,60,16.333025,1.781821,0.561224,0.739313,0.17918,0.056437,22.092179,9.944325,9.944325,9156.796591,413.429422,938.85053,864.286083,939.35053,472.213917,149558.188328,482.008671,310.281116,16162,709.305296,243.391937,5.02545,5.251515,4.799384,349.57112,0.990768,1121.835918,824.688902,1122.335918,511.811098,5865.140878,299.280837,19.597449,905,263.775701,245.504234,3.989129,4.407609,3.57065,328.043076,0.777265,593.711279,1115.184042,594.211279,221.315958,3291.655713,285.227746,11.540447,532,238.822981,228.600448,8.577251,9.348097,7.806405,340.778119,0.948174
36,vesta-0037r.fit,36,0,59293.592872,2459293.592872,NaN,NaN,NaN,1.219214,NaN,-19.977101,0.2,NaN,NaN,9.058335,1.6,12,40,60,16.6987,1.678848,0.595646,0.695372,0.151846,0.053874,24.014048,11.05627,11.05627,8899.792032,369.565879,937.701386,864.973167,938.201386,471.526833,148614.953823,463.718986,320.484945,18134,815.269231,243.673255,5.167782,5.009625,5.325939,78.944776,0.995643,1120.56981,825.813761,1121.06981,510.686239,5577.54649,267.844835,20.823797,839,267.276265,245.573749,2.963606,4.755799,1.171414,13.895507,-0.629211,592.623296,1115.770431,593.123296,220.729569,3322.245542,254.633233,13.04718,626,241.299611,228.372585,7.290602,7.218953,7.362252,49.709076,0.985576
37,vesta-0038r.fit,37,0,59293.59301,2459293.59301,NaN,NaN,NaN,1.218776,NaN,-19.977101,0.2,NaN,NaN,7.56437,1.6,12,40,60,17.978474,1.915387,0.522088,0.662736,0.160437,0.043731,27.127638,11.938537,11.938537,8447.828304,310.429701,937.536065,865.291627,938.036065,471.208373,151879.057656,443.973539,342.090337,19256,1086.794444,243.021902,5.180403,5.277245,5.083561,346.704852,0.998253,1120.677108,825.645444,1121.177108,510.854556,5550.158887,226.916024,24.459088,916,276.099448,245.435586,4.584647,5.456363,3.712931,327.232065,0.214599,592.243593,1115.892987,592.743593,220.607013,2897.669417,211.838895,13.678647,682,244.410112,228.131071,3.533699,3.449586,3.617812,312.878209,0.586563
38,vesta-0039r.fit,38,0,59293.593161,2459293.593161,NaN,NaN,NaN,1.218302,NaN,-19.977101,0.2,NaN,NaN,10.458802,1.6,12,40,60,16.687875,1.778914,0.562141,0.77228,0.182326,0.057616,21.608572,9.756759,9.756759,9225.394489,425.909021,937.312562,865.475945,937.812562,471.024055,153952.227533,492.953639,312.305692,17422,690.869186,243.333641,5.14575,5.103192,5.188308,298.233793,0.999104,1120.360141,825.423025,1120.860141,511.076975,5905.610017,309.747511,19.065884,1020,262.150725,245.033014,5.313647,5.218404,5.40889,307.656526,0.980021,592.127055,1115.929432,592.627055,220.570568,3319.784472,292.326827,11.356414,551,237.834808,228.041934,7.234998,5.456939,9.013056,69.825532,0.63009
39,vesta-0040r.fit,39,0,59293.598948,2459293.598948,NaN,NaN,NaN,1.200966,NaN,-19.977101,0.2,NaN,NaN,8.614115,1.6,12,40,60,16.825398,1.844449,0.542167,0.670781,0.16548,0.048642,25.083278,11.146067,11.146067,8864.669885,352.369841,935.817793,873.456338,936.317793,463.043662,149151.59876,455.779267,327.245247,18528,888.649351,242.971434,4.836706,4.899511,4.773901,5.555799,0.9993,1117.475182,827.89333,1117.975182,508.60667,5748.188964,255.208513,22.5235,888,269.905172,245.128496,4.918454,4.264571,5.572337,86.632179,0.930785,589.537286,1118.402343,590.037286,218.097657,3116.48092,242.967322,12.826749,566,241.331915,228.070294,5.565871,6.987384,4.144357,31.127251,-0.060931
40,vesta-0041r.fit,40,0,59293.599098,2459293.599098,NaN,NaN,NaN,1.200537,NaN,-20.417621,0.2,NaN,NaN,10.460527,1.6,12,40,60,16.439848,1.740333,0.574603,0.754929,0.175922,0.058084,21.77669,9.892648,9.892648,9341.419019,427.916381,935.262705,873.60662,935.762705,462.89338,153571.510256,492.593628,311.761057,14368,688.028986,242.894173,5.031306,5.019249,5.043364,47.475518,0.996916,1117.130478,827.620531,1117.630478,508.879469,5932.556573,310.005906,19.136915,942,262.147399,245.001282,4.481615,5.547271,3.415958,345.778879,0.737952,589.53313,1118.03078,590.03313,218.46922,3408.862447,294.972486,11.556544,532,238.261628,228.352144,8.002203,9.046969,6.957438,0.317891,0.934075
41,vesta-0042r.fit,41,0,59293.599249,2459293.599249,NaN,NaN,NaN,1.200113,NaN,-19.977101,0.2,NaN,NaN,10.278402,1.6,12,40,60,16.971756,1.651155,0.605637,0.801938,0.168671,0.061868,21.16342,9.789186,9.789186,8904.008008,419.748143,935.648145,872.974021,936.148145,463.525979,151116.653473,486.631845,310.535891,9337,698.135542,242.964899,6.44392,6.290923,6.596918,270.952504,0.997745,1117.401574,827.200548,1117.901574,509.299452,5545.469241,303.900906,18.247623,622,262.153153,245.500092,4.926729,4.12547,5.727988,57.935148,0.472561,589.333679,1117.127249,589.833679,219.372751,3358.538768,289.538846,11.599614,410,238.072289,227.956209,7.222035,8.855611,5.58846,346.06698,0.763009
42,vesta-0043r.fit,42,0,59293.599399,2459293.599399,NaN,NaN,NaN,1.199684,NaN,-19.977101,0.2,NaN,NaN,7.230598,1.6,12,40,60,17.182582,1.743084,0.573696,0.5816,0.129349,0.042572,29.543621,13.475856,13.475856,8817.711877,297.369561,936.221601,874.303201,936.721601,462.196799,151511.056553,438.811691,345.275797,17538,1166.432927,242.585021,4.944631,4.909459,4.979803,308.43625,0.996077,1117.746102,828.471521,1118.246102,508.028479,5603.187489,216.78282,25.847009,1176,279.140244,244.974467,4.340143,5.642619,3.037666,338.508756,0.433515,589.572818,1119.149554,590.072818,217.350446,3214.524388,203.553101,15.792068,700,247.282209,227.5612,4.205068,2.870234,5.539902,302.881507,-0.973914
43,vesta-0044r.fit,43,0,59293.59955,2459293.59955,NaN,NaN,NaN,1.199259,NaN,-19.977101,0.2,NaN,NaN,8.132963,1.6,12,40,60,16.718188,1.670123,0.598758,0.619844,0.133957,0.048025,26.971605,12.467575,12.467575,9043.658129,334.216212,935.04253,874.317249,935.54253,462.182751,151193.576667,450.951292,335.276956,25018,973.014493,242.610741,4.554529,4.460332,4.648725,275.086972,0.998235,1116.999215,827.816876,1117.499215,508.683124,5656.675749,243.065062,23.27227,1129,271.904762,244.968211,3.200743,4.499542,1.901945,342.481827,0.275727,588.393165,1118.255212,588.893165,218.244788,3386.98238,229.390174,14.765159,920,244.278846,227.995277,6.756834,6.289431,7.224237,301.421514,0.908996
44,vesta-0045r.fit,44,0,59293.606205,2459293.606205,NaN,NaN,NaN,1.181549,NaN,-19.977101,0.2,NaN,NaN,10.310391,1.6,12,40,60,16.616676,1.847786,0.541188,0.76115,0.190692,0.055851,21.831013,9.68992,9.68992,9201.206806,420.441189,933.537359,883.449243,934.037359,453.050757,152893.469198,490.016772,312.016808,27527,695.047337,242.699795,4.518228,4.528652,4.507804,37.196483,0.999706,1114.036525,830.209611,1114.536525,506.290389,5970.202797,304.557729,19.602861,1203,263.03003,245.101493,3.700004,5.796328,1.603681,343.042852,-0.068414,585.612153,1120.865226,586.112153,215.634774,3231.004009,289.854072,11.147002,755,237.583832,227.910168,6.227772,9.007003,3.44854,0.495952,-0.805654
45,vesta-0046r.fit,45,0,59293.606367,2459293.606367,NaN,NaN,NaN,1.18114,NaN,-19.977101,0.2,NaN,NaN,9.626269,1.6,12,40,60,16.995135,1.876508,0.532905,0.741498,0.185485,0.052675,22.920006,10.116786,10.116786,8999.08055,391.627277,932.818588,883.418303,933.318588,453.081697,152940.588463,476.573348,320.917208,13638,769.5,242.11866,5.401334,5.563809,5.238858,31.216623,0.983131,1113.412338,830.174329,1113.912338,506.325671,5870.606984,283.986134,20.672161,790,264.834483,244.59101,6.07232,5.705347,6.439292,72.947326,0.978847,585.063651,1120.838716,585.563651,215.661284,3128.473567,269.673506,11.600967,435,238.396552,227.608712,6.294621,6.218139,6.371103,313.688443,0.718146
46,vesta-0047r.fit,46,0,59293.606517,2459293.606517,NaN,NaN,NaN,1.180765,NaN,-19.977101,0.2,NaN,NaN,7.903971,1.6,12,40,60,16.997824,1.739863,0.574758,0.624378,0.140306,0.04635,27.223624,12.400498,12.400498,8913.166084,326.344645,933.647754,885.12181,934.147754,451.37819,151504.427526,447.653817,338.441049,18308,1018.938462,241.992679,5.046686,4.914333,5.17904,77.680324,0.996675,1114.224555,831.906823,1114.724555,504.593177,5660.022667,237.204488,23.861364,959,273.447236,245.004911,6.231075,6.300573,6.161577,320.073156,0.98397,586.127314,1121.864396,586.627314,214.635604,3253.143417,224.131341,14.514451,562,243.904523,227.557068,2.673178,3.60504,1.741316,17.311894,0.429312
47,vesta-0048r.fit,47,0,59293.606668,2459293.606668,NaN,NaN,NaN,1.180391,NaN,-20.417621,0.2,NaN,NaN,8.868325,1.6,12,40,60,17.6,1.780904,0.561513,0.733193,0.164661,0.051917,24.004604,10.815605,10.815605,8674.586122,360.409402,933.304216,884.95353,933.804216,451.54647,152672.71788,463.858451,329.136437,16640,859.651822,241.543652,4.86727,4.915859,4.818681,335.838617,0.999099,1113.648319,831.450945,1114.148319,505.049055,5555.245634,261.199375,21.268219,1018,267.24898,244.574508,4.878291,4.39737,5.359213,282.589511,-31.021937,585.778439,1121.63684,586.278439,214.86316,3119.340489,248.334097,12.561064,633,240.243902,227.563657,5.662885,7.31488,4.010889,351.006693,0.680418
48,vesta-0049r.fit,48,0,59293.606818,2459293.606818,NaN,NaN,NaN,1.180017,NaN,-20.417621,0.2,NaN,NaN,10.399585,1.6,12,40,60,17.134239,1.742628,0.573846,0.803753,0.179828,0.059217,21.317781,9.690529,9.690529,9052.402616,423.667967,933.06169,885.293353,933.56169,451.206647,155106.031873,492.257683,315.091135,15750,701.284024,242.390438,5.328593,5.494925,5.16226,357.941802,0.99609,1113.482796,831.692685,1113.982796,504.807315,5751.772055,307.656732,18.695421,894,261.83871,244.971343,6.484164,6.691808,6.276519,344.552389,0.994441,585.18161,1121.930861,585.68161,214.569139,3300.630562,291.276299,11.331614,554,237.664688,227.870532,7.09334,7.312489,6.874191,321.214331,0.917733
49,vesta-0050r.fit,49,0,59293.612432,2459293.612432,NaN,NaN,NaN,1.166818,NaN,-20.417621,0.2,NaN,NaN,7.524789,1.6,12,40,60,17.430944,1.914382,0.522362,0.606499,0.151486,0.041335,28.740261,12.637375,12.637375,8933.582607,309.774831,932.322378,893.385932,932.822378,443.114068,155720.780488,447.873691,347.689055,18636,1106.166667,241.05122,5.067764,5.026543,5.108984,304.414807,0.997971,1111.474523,834.191808,1111.974523,502.308192,5868.239373,225.954214,25.970922,904,277.256983,244.473523,1.067026,2.121783,0.01227,333.842352,-1.676251,583.43438,1124.195939,583.93438,212.304061,3065.343234,211.908326,14.465421,531,244.674157,227.453128,7.142992,6.960653,7.32533,307.698748,0.959045
50,vesta-0051r.fit,50,0,59293.612582,2459293.612582,NaN,NaN,NaN,1.166484,NaN,-19.977101,0.2,NaN,NaN,8.92627,1.6,12,40,60,16.961927,1.950099,0.512795,0.671148,0.177214,0.0466,25.273004,11.004229,11.004229,9269.432423,365.726567,932.308892,894.352606,932.808892,442.147394,157227.432002,469.401644,334.952879,22697,869.96,241.050272,4.566387,4.56341,4.569365,46.678045,0.999504,1111.959942,834.901666,1112.459942,501.598334,6127.357156,266.194925,23.018309,891,268.284585,244.065782,4.606923,4.044046,5.1698,74.442221,0.920911,582.928782,1125.336646,583.428782,211.163354,3142.075267,250.791116,12.528655,701,239.988048,227.46982,6.312117,5.626643,6.997592,293.613,0.900085
51,vesta-0052r.fit,51,0,59293.612733,2459293.612733,NaN,NaN,NaN,1.16615,NaN,-19.977101,0.2,NaN,NaN,9.330092,1.6,12,40,60,16.675221,1.81323,0.551502,0.67552,0.164006,0.049883,24.685013,11.055862,11.055862,9444.052034,381.519909,932.017226,894.22389,932.517226,442.27611,157481.657452,475.132681,331.447748,21268,823.892593,240.627195,4.720712,4.607114,4.83431,295.1779,0.994316,1111.548996,834.375971,1112.048996,502.124029,6087.038345,276.917016,21.981453,1513,266.087273,243.952588,4.803547,4.617156,4.989937,303.340332,0.961682,582.898251,1124.50622,583.398251,211.99378,3357.013688,262.439339,12.79158,702,239.748175,227.4963,5.518921,8.269652,2.76819,7.055816,0.322138
52,vesta-0053r.fit,52,0,59293.612872,2459293.612872,NaN,NaN,NaN,1.165843,NaN,-19.977101,0.2,NaN,NaN,9.12576,1.6,12,40,60,17.043711,1.908693,0.523919,0.692491,0.176795,0.048529,24.612176,10.79609,10.79609,9192.445454,372.463158,932.193007,894.113568,932.693007,442.386432,156673.38681,472.114533,331.854616,21920,838.950382,240.960356,4.645763,4.535771,4.755754,79.636578,0.99744,1111.630909,834.454339,1112.130909,502.045661,6032.110488,270.378943,22.309838,1279,266.98855,243.965227,5.277009,4.332001,6.222017,275.387276,0.875208,583.232018,1124.459469,583.732018,212.040531,3160.334966,256.171878,12.336776,785,239.175573,227.113225,5.288758,4.444486,6.133029,74.644057,0.868865
53,vesta-0054r.fit,53,0,59293.613022,2459293.613022,NaN,NaN,NaN,1.165511,NaN,-20.417621,0.2,NaN,NaN,7.716992,1.6,12,40,60,17.991743,1.870028,0.534751,0.658357,0.154378,0.044146,27.328243,12.113317,12.113317,8706.9711,317.618555,931.939578,894.429539,932.439578,442.070461,156653.585935,451.199533,347.19359,12791,1074.271277,241.007522,5.396072,5.181112,5.611032,276.932616,0.993287,1110.959895,834.548487,1111.459895,501.951513,5673.212479,231.16758,24.541558,686,274.015873,243.998876,5.326588,6.571372,4.081803,9.748863,0.778966,583.062907,1124.400317,583.562907,212.099683,3033.758621,217.814363,13.928184,491,243.10582,227.054187,2.445633,2.716876,2.17439,351.109485,-21.968899
54,vesta-0055r.fit,54,0,59293.617826,2459293.617826,NaN,NaN,NaN,1.155429,NaN,-19.977101,0.3,NaN,NaN,8.025913,1.6,12,40,60,17.555645,1.886628,0.530046,0.44389,0.107588,0.030227,39.549557,17.535646,17.535646,13344.329048,336.031021,929.779531,903.186573,930.279531,433.313427,234268.301617,534.562625,438.24295,33816,1391.362745,242.988718,4.629486,4.584338,4.674635,73.475585,0.999459,1108.331729,838.409813,1108.831729,498.090187,8721.520446,245.732447,35.491937,1622,289.594059,246.418216,4.076551,3.761761,4.391341,273.29086,0.976117,579.648823,1128.611152,580.148823,207.888848,4622.808602,229.199502,20.169366,877,251.381188,228.495997,6.065695,6.702488,5.428902,24.593435,0.899038
55,vesta-0056r.fit,55,0,59293.617976,2459293.617976,NaN,NaN,NaN,1.155129,NaN,-20.417621,0.3,NaN,NaN,7.715664,1.6,12,40,60,17.809772,1.784306,0.560442,0.439529,0.097342,0.030575,40.52016,18.330254,18.330254,13103.142778,322.004508,930.068054,903.215253,930.568054,433.284747,233363.980526,529.362703,440.839483,27629,1489.887701,241.951976,4.909826,4.851064,4.968588,69.636914,0.999003,1108.223774,838.730475,1108.723774,497.769525,8397.071522,234.66926,35.78258,1465,290.73913,245.102872,4.154377,3.63134,4.677414,283.924944,0.921408,579.754653,1128.580756,580.254653,207.919244,4706.071256,220.493178,21.343387,830,253.403226,228.101767,4.145754,3.47064,4.820868,73.151896,-13.351219
56,vesta-0057r.fit,56,0,59293.618127,2459293.618127,NaN,NaN,NaN,1.15483,NaN,-20.417621,0.3,NaN,NaN,8.573702,1.6,12,40,60,17.674217,1.777988,0.562433,0.471124,0.104651,0.033104,37.515035,16.989743,16.989743,13441.289726,356.963994,930.360973,903.438272,930.860973,433.061728,237564.273601,544.45886,436.33099,21928,1261.545064,241.955907,5.148383,5.222326,5.07444,32.163301,0.995606,1108.519578,838.260172,1109.019578,498.239828,8602.791706,260.287637,33.051096,1201,282.5671,245.325577,5.083705,4.203812,5.963598,74.291897,0.8449,580.116472,1128.595149,580.616472,207.904851,4838.49802,244.281885,19.807028,644,249.456522,228.419574,3.553877,2.0701,5.037653,299.506558,-0.907551
57,vesta-0058r.fit,57,0,59293.618277,2459293.618277,NaN,NaN,NaN,1.154532,NaN,-20.417621,0.3,NaN,NaN,8.826412,1.6,12,40,60,17.520768,1.960591,0.51005,0.481526,0.123714,0.032184,36.385909,15.847722,15.847722,13367.156822,366.056785,929.778806,903.693449,930.278806,432.806551,234202.859911,544.123034,430.422617,25246,1197.342857,241.412817,4.88546,4.684575,5.086344,66.004567,0.984951,1108.094607,838.541952,1108.594607,497.958048,8852.127317,267.217565,33.127041,1568,281.360656,245.081445,4.876871,5.528509,4.225233,351.247212,0.924211,579.779437,1128.735405,580.279437,207.764595,4515.029505,250.184617,18.046791,667,246.069672,227.565453,5.330773,6.336439,4.325107,24.817922,0.683525
58,vesta-0059r.fit,58,0,59293.618428,2459293.618428,NaN,NaN,NaN,1.154234,NaN,-20.417621,0.3,NaN,NaN,8.737157,1.6,12,40,60,17.355407,1.901863,0.5258,0.47283,0.117567,0.032503,36.705409,16.176895,16.176895,13359.901623,362.639214,930.450797,903.397001,930.950797,433.102999,231866.530109,540.977487,428.606616,29383,1203.477178,241.375394,4.962424,4.936264,4.988583,56.032108,0.999212,1108.593019,838.131247,1109.093019,498.368753,8755.996639,264.21975,33.139069,1362,281.104603,244.468633,4.788413,4.54311,5.033717,303.383938,0.932887,580.28782,1128.046135,580.78782,208.453865,4603.904984,248.38503,18.535356,772,246.779167,227.596229,5.154943,3.950017,6.359869,86.367729,0.800323
59,vesta-0060r.fit,59,0,59293.625881,2459293.625881,NaN,NaN,NaN,1.140664,NaN,-19.977101,0.2,NaN,NaN,8.658796,1.6,12,40,60,17.569844,1.749646,0.571544,0.69208,0.151652,0.049539,25.387017,11.537257,11.537257,9003.729778,353.667128,929.498059,916.064329,929.998059,420.435671,158194.129623,465.667955,339.714442,19222,916.115385,240.072096,4.941516,4.655638,5.227394,283.671504,0.983146,1106.142205,843.291882,1106.642205,493.208118,5729.224727,257.154124,22.279342,819,268.244726,244.070782,5.678344,5.433723,5.922964,61.082038,0.973902,578.090477,1133.613698,578.590477,202.886302,3274.505051,242.800729,13.486389,630,240.974468,227.040404,5.204624,5.324365,5.084884,41.058336,0.887573
60,vesta-0061r.fit,60,0,59293.626031,2459293.626031,NaN,NaN,NaN,1.140413,NaN,-19.977101,0.2,NaN,NaN,8.979401,1.6,12,40,60,17.836885,1.874383,0.533509,0.733027,0.174494,0.049666,24.333196,10.741839,10.741839,8958.15693,367.189124,929.151357,916.007013,929.651357,420.492987,159785.614006,473.018656,337.799814,17069,869.405512,240.328291,4.752871,4.951726,4.554017,16.131371,0.990242,1105.867985,843.216632,1106.367985,493.283368,5841.6076,266.091377,21.953389,938,267.011811,244.013356,6.067886,5.793103,6.342669,306.618703,0.901786,577.346526,1133.173783,577.846526,203.326217,3116.54933,253.028124,12.317008,647,239.046875,226.872854,5.256073,4.572455,5.939691,57.229002,0.618286
61,vesta-0062r.fit,61,0,59293.626182,2459293.626182,NaN,NaN,NaN,1.140163,NaN,-20.417621,0.2,NaN,NaN,10.459647,1.6,12,40,60,17.742151,2.041344,0.489873,0.82783,0.223962,0.053745,21.432109,9.114706,9.114706,9157.38223,426.344133,929.024166,916.723404,929.524166,419.776596,162471.660613,499.850335,325.040616,12245,714.947368,239.884033,5.460274,5.286174,5.634375,286.306172,0.99428,1105.576779,843.450281,1106.076779,493.049719,6146.416137,309.161616,19.880916,682,261.269565,243.453866,6.263528,5.803291,6.723765,278.769808,0.9765,577.406487,1133.575707,577.906487,202.924293,3010.966092,293.578635,10.25608,455,235.252174,226.524736,6.923677,6.593657,7.253698,284.118725,0.988344
62,vesta-0063r.fit,62,0,59293.626332,2459293.626332,NaN,NaN,NaN,1.139913,NaN,-19.977101,0.2,NaN,NaN,8.33448,1.6,12,40,60,17.625005,1.816029,0.550652,0.661468,0.152455,0.046227,26.645308,11.911913,11.911913,9054.100812,338.783531,929.395633,917.01347,929.895633,419.48653,159578.57661,463.106385,344.582976,18746,965.009091,239.651925,5.07303,5.133551,5.012509,36.585833,0.99321,1106.040491,843.933559,1106.540491,492.566441,5838.898744,245.280762,23.80496,907,271.257009,243.972436,4.490085,3.047214,5.932957,280.592672,0.609673,578.090024,1133.698571,578.590024,202.801429,3215.202069,233.691311,13.75833,630,241.302752,226.554119,5.101771,5.521859,4.681683,330.619938,0.900522
63,vesta-0064r.fit,63,0,59293.626483,2459293.626483,NaN,NaN,NaN,1.139665,NaN,-19.977101,0.2,NaN,NaN,8.739749,1.6,12,40,60,17.510981,1.919316,0.521019,0.667785,0.167345,0.045428,26.22248,11.469231,11.469231,9363.33264,356.047991,929.155342,916.656585,929.655342,419.843415,163961.142418,473.369659,346.370198,19719,922.533333,239.361907,4.808904,4.765668,4.852141,50.682963,0.991676,1106.39893,842.984569,1106.89893,493.515431,6155.960803,258.190107,23.842745,934,269.046218,243.180837,5.058663,5.172882,4.944443,13.447352,0.997439,577.376255,1133.540008,577.876255,202.959992,3207.371837,245.169413,13.082267,640,239.3361,226.027503,5.719842,4.849239,6.590445,273.747664,0.909948
64,vesta-0065r.fit,64,0,59293.634168,2459293.634168,NaN,NaN,NaN,1.128142,NaN,-19.977101,0.2,NaN,NaN,9.162675,1.6,12,40,60,17.428203,1.751146,0.571055,0.690698,0.152753,0.049813,25.232745,11.463927,11.463927,9463.017488,374.015213,929.683472,929.778469,930.183472,406.721531,164923.385341,480.324381,343.358347,19195,868.881679,239.403109,4.963547,4.765332,5.161763,72.577405,0.990559,1104.977584,848.451394,1105.477584,488.048606,6023.353115,272.011899,22.143712,1000,266.135338,243.491154,4.474741,3.055154,5.894327,278.24681,0.638547,576.138174,1138.671656,576.638174,197.828344,3439.664373,256.703927,13.399345,538,239.403042,226.32447,5.716114,5.308302,6.123926,54.172193,0.796531
65,vesta-0066r.fit,65,0,59293.634318,2459293.634318,NaN,NaN,NaN,1.127939,NaN,-20.417621,0.2,NaN,NaN,5.861665,1.6,12,40,60,17.498555,1.943005,0.514667,0.47659,0.120823,0.032004,36.716158,16.081436,16.081436,9045.767352,245.138396,929.83947,929.964268,930.33947,406.535732,158287.857223,430.566039,367.627363,21356,1665.09009,239.073358,4.679754,4.709222,4.650286,38.796746,0.996564,1105.638865,848.626277,1106.138865,487.873723,5972.11781,179.030857,33.358036,1266,300.457143,243.57983,1.40037,0.994001,1.806738,40.761835,-159.624208,576.651148,1138.713372,577.151148,197.786628,3073.649542,167.45383,18.355206,597,254.981481,226.521763,4.247594,3.961592,4.533597,276.140132,0.981177
66,vesta-0067r.fit,66,0,59293.634469,2459293.634469,NaN,NaN,NaN,1.127736,NaN,-20.417621,0.2,NaN,NaN,8.565779,1.6,12,40,60,16.868762,1.974158,0.506545,0.619583,0.167469,0.04297,27.226012,11.788222,11.788222,9554.88039,349.854026,929.932057,931.172313,930.432057,405.327687,161179.002174,466.805337,345.280976,21059,945.780702,238.855254,4.674634,4.791913,4.557356,23.64504,0.994535,1105.070858,849.440483,1105.570858,487.059517,6342.246417,254.433195,24.926961,1106,270.956522,243.381537,4.67979,3.860175,5.499405,63.355415,0.676774,576.191186,1139.444162,576.691186,197.055838,3212.633973,240.128275,13.378824,702,239.991342,226.083836,5.792684,5.581292,6.004075,48.059049,0.532283
67,vesta-0068r.fit,67,0,59293.634619,2459293.634619,NaN,NaN,NaN,1.127535,NaN,-20.417621,0.2,NaN,NaN,10.005812,1.6,12,40,60,17.506371,1.889995,0.529102,0.766965,0.18855,0.052784,22.825521,10.02384,10.02384,9289.073874,405.991416,929.512819,930.930154,930.012819,405.569846,162617.97235,491.241357,331.034776,22547,759.653846,238.442396,4.807469,4.682519,4.932419,58.249922,0.986446,1104.820595,849.473166,1105.320595,487.026834,6074.856403,293.455267,20.701133,1015,261.926282,242.455588,3.278821,1.451809,5.105832,292.802121,-0.4775,576.716036,1138.927121,577.216036,197.572879,3214.217472,280.558435,11.456499,589,235.806962,225.635388,6.895788,5.068929,8.722647,87.203666,0.752526
68,vesta-0069r.fit,68,0,59293.63477,2459293.63477,NaN,NaN,NaN,1.127334,NaN,-20.417621,0.2,NaN,NaN,10.256434,1.6,12,40,60,18.349143,2.07138,0.48277,0.84342,0.225377,0.052528,21.755636,9.190751,9.190751,9041.828033,414.712026,929.557519,931.538016,930.057519,404.961984,165909.797411,500.630151,331.401929,19149,735.140719,238.404798,4.82397,4.640864,5.007076,85.81417,0.994129,1104.875417,849.876245,1105.375417,486.623755,6097.930522,300.787847,20.273194,861,260.97561,242.384358,5.379728,4.482141,6.277314,294.553318,0.754065,576.089479,1139.741648,576.589479,196.758352,2943.897511,285.504352,10.311218,560,234.865854,225.890556,4.345044,0.743666,7.946423,86.737501,-0.049203
69,vesta-0070r.fit,69,0,59293.640672,2459293.640672,NaN,NaN,NaN,1.120123,NaN,-19.977101,0.2,NaN,NaN,9.014117,1.6,12,40,60,19.167078,1.758316,0.568726,0.793699,0.160776,0.052003,24.149053,10.936411,10.936411,8879.656934,366.834613,931.151173,941.78944,931.651173,394.71056,170197.077844,483.824368,351.774506,23717,902.90625,238.073915,4.907426,5.040989,4.773862,30.855509,0.986827,1105.569334,854.082997,1106.069334,482.417003,5660.425837,266.139926,21.268608,1039,265.144531,243.033493,3.231702,4.829643,1.633762,352.221075,0.319608,576.535029,1143.919429,577.035029,192.580571,3219.231096,252.46222,12.751338,604,238.207031,225.63191,6.902828,7.030838,6.774818,34.139139,0.989964
70,vesta-0071r.fit,70,0,59293.640823,2459293.640823,NaN,NaN,NaN,1.119956,NaN,-20.417621,0.2,NaN,NaN,6.348654,1.6,12,40,60,18.229558,1.963396,0.509322,0.544104,0.134238,0.034822,33.503783,14.626256,14.626256,8907.559725,264.770385,930.67921,942.293116,931.17921,394.206884,162380.880146,439.802887,369.212856,20629,1517.15748,238.567873,4.857957,4.871087,4.844826,42.791062,0.995075,1105.031064,854.380792,1105.531064,482.119208,5901.697604,193.984431,30.423563,1128,290.370079,243.900019,3.611092,5.673756,1.548429,358.787778,0.25672,576.34842,1144.022529,576.84842,192.477471,3005.862121,180.203765,16.680351,680,250.220472,226.552267,2.423249,1.358883,3.487614,322.246197,-7.658983
71,vesta-0072r.fit,71,0,59293.640973,2459293.640973,NaN,NaN,NaN,1.119789,NaN,-20.417621,0.2,NaN,NaN,8.737308,1.6,12,40,60,17.754792,1.729407,0.578233,0.681333,0.145669,0.048705,26.058922,11.87216,11.87216,9239.917217,353.577115,930.819869,942.490099,931.319869,394.009901,164052.810566,472.656391,347.086835,21173,924.368201,237.954768,4.927163,4.788323,5.066002,286.465928,0.995499,1104.754685,854.604832,1105.254685,481.895168,5854.59733,256.245436,22.847616,1068,267.521186,242.713571,4.029665,3.863799,4.195531,301.42434,0.967567,576.078545,1144.426554,576.578545,192.073446,3385.319887,243.628924,13.895394,547,239.210084,224.986051,7.190289,7.259659,7.120918,323.407578,0.995552
72,vesta-0073r.fit,72,0,59293.641124,2459293.641124,NaN,NaN,NaN,1.119624,NaN,-20.417621,0.2,NaN,NaN,8.003133,1.6,12,40,60,18.22275,1.804475,0.554178,0.657468,0.144714,0.044444,27.716555,12.469227,12.469227,9102.895857,327.435549,931.115603,943.135849,931.615603,393.364151,165879.799963,464.943153,356.774369,17493,1050.607843,237.471569,4.886737,4.742794,5.03068,292.751552,0.992947,1105.162962,855.017144,1105.662962,481.482856,5857.048894,238.622524,24.545247,888,271.261084,242.408626,5.925749,5.264579,6.58692,296.711935,0.863189,576.921926,1144.737001,577.421926,191.762999,3245.846963,224.21715,14.476355,553,241.661692,225.513199,3.243572,3.098869,3.388275,312.47279,-0.021575
73,vesta-0074r.fit,73,0,59293.641274,2459293.641274,NaN,NaN,NaN,1.119459,NaN,-20.417621,0.2,NaN,NaN,9.519981,1.6,12,40,60,18.627276,1.788586,0.559101,0.801668,0.170592,0.053326,23.23564,10.484565,10.484565,9068.939379,389.414269,930.41573,943.708986,930.91573,392.791014,168929.635525,490.341155,344.514496,28770,825.818815,237.213814,4.664817,4.648436,4.681197,280.394523,0.999944,1104.488905,855.478119,1104.988905,481.021881,5816.775222,283.960919,20.484422,1107,261.74744,241.894965,6.295439,6.509649,6.081228,17.3259,0.993172,575.993306,1145.26089,576.493306,191.23911,3252.164157,266.476396,12.204324,681,236.381119,225.009916,5.946483,6.69188,5.201086,31.257828,0.713966
74,vesta-0075r.fit,74,0,59293.648497,2459293.648497,NaN,NaN,NaN,1.112508,NaN,-19.977101,0.2,NaN,NaN,9.640834,1.6,12,40,60,19.153706,1.955212,0.511453,0.844715,0.198681,0.051972,22.674761,9.84097,9.84097,8905.30259,391.894637,932.996083,957.326495,933.496083,379.173505,170569.550362,493.514495,345.62217,17761,821.171233,237.028937,5.161885,5.212489,5.11128,330.502944,0.998552,1105.936213,861.981502,1106.436213,474.518498,5891.88009,284.61452,20.701263,931,262.027211,241.986802,6.079001,5.115414,7.042587,296.802402,0.728357,576.904363,1151.641958,577.404363,184.858042,3013.4225,269.399297,11.18571,514,234.952218,224.6675,4.967859,4.013022,5.922696,72.539984,0.795594
75,vesta-0076r.fit,75,0,59293.648635,2459293.648635,NaN,NaN,NaN,1.112392,NaN,-19.977101,0.2,NaN,NaN,9.111466,1.6,12,40,60,17.560952,1.911694,0.523096,0.710486,0.176616,0.048327,24.716813,10.824009,10.824009,9175.518956,370.234329,931.431189,957.006363,931.931189,379.493637,161130.845326,476.141221,338.409779,15988,846.871212,236.527101,5.158582,5.319733,4.997432,8.467266,0.995743,1103.93747,861.127345,1104.43747,475.372655,6024.25425,268.36485,22.448,1021,265.157692,241.987484,4.39247,5.601188,3.183752,0.711145,0.738086,576.08368,1150.634313,576.58368,185.865687,3151.264706,255.056396,12.355168,611,236.954198,224.926471,6.022468,6.163078,5.881858,317.956765,0.794806
76,vesta-0077r.fit,76,0,59293.648786,2459293.648786,NaN,NaN,NaN,1.112268,NaN,-19.977101,0.2,NaN,NaN,8.448825,1.6,12,40,60,18.608194,1.945066,0.514121,0.717389,0.171478,0.045325,25.938781,11.342948,11.342948,8948.631874,344.062846,931.539006,957.431885,932.039006,379.068115,166517.880907,470.448522,353.955583,18977,986.918919,236.838374,4.925132,4.885539,4.964725,298.822886,0.999097,1104.185589,861.512021,1104.685589,474.987979,5910.115286,251.73691,23.477349,1130,267.798246,241.876687,4.464949,3.505603,5.424294,282.279234,0.796045,576.072711,1151.264328,576.572711,185.235672,3038.516588,234.537354,12.955363,552,238.594595,224.907583,6.138244,7.450405,4.826083,343.208905,0.75915
77,vesta-0078r.fit,77,0,59293.648936,2459293.648936,NaN,NaN,NaN,1.112144,NaN,-20.859981,0.2,NaN,NaN,8.337757,1.6,12,40,60,19.471153,1.993322,0.501675,0.75495,0.179555,0.04519,25.791328,11.101425,11.101425,8748.908418,338.347843,932.035542,957.72682,932.535542,378.77318,170351.337718,473.059038,360.105873,20758,1021.534562,236.505356,5.062831,5.007937,5.117724,299.29759,0.998269,1104.876012,861.797499,1105.376012,474.702501,5826.099373,245.663574,23.715764,829,268.364055,241.515671,4.323764,4.764666,3.882862,33.778517,0.720459,575.944342,1151.690843,576.444342,184.809157,2922.809045,232.655692,12.562809,554,237.922374,224.576214,4.57867,5.860691,3.29665,336.178358,0.405952
78,vesta-0079r.fit,78,0,59293.649075,2459293.649075,NaN,NaN,NaN,1.112031,NaN,-19.538348,0.2,NaN,NaN,8.508907,1.6,12,40,60,18.385955,1.634567,0.611783,0.696132,0.133252,0.049873,26.411595,12.266735,12.266735,9150.247839,345.488337,931.397124,958.435181,931.897124,378.064819,168236.047887,473.814506,355.067323,17182,974.434211,236.556808,5.232956,5.194664,5.271247,280.366234,0.999755,1104.1496,861.959216,1104.6496,474.540784,5677.097105,250.28351,22.682665,886,267.070796,241.950898,2.977972,2.031188,3.924756,56.13572,-1.321758,575.397264,1151.796964,575.897264,184.703036,3473.150734,238.160356,14.583245,617,240.176211,224.875988,7.206229,7.65426,6.758198,2.072836,0.984576
79,vesta-0080r.fit,79,0,59293.655591,2459293.655591,NaN,NaN,NaN,1.107465,NaN,-20.417621,0.2,NaN,NaN,7.467111,1.6,12,40,60,18.827801,2.027928,0.493114,0.645564,0.162316,0.039469,29.164878,12.493672,12.493672,8922.641183,304.96279,933.668064,970.321329,934.168064,366.178671,167993.710684,459.52505,365.581181,21658,1185.124294,236.007284,4.943867,4.863872,5.023862,274.698115,0.998925,1104.771079,867.960985,1105.271079,468.539015,5975.860286,222.212516,26.892546,997,275.988506,241.644481,4.135521,4.408204,3.862838,38.222349,0.686171,576.626852,1156.896096,577.126852,179.603904,2946.780897,208.863355,14.108654,564,241.777143,224.938395,3.981252,2.84837,5.114134,61.004131,-11.841571
80,vesta-0081r.fit,80,0,59293.655742,2459293.655742,NaN,NaN,NaN,1.107377,NaN,-20.417621,0.2,NaN,NaN,9.83334,1.6,12,40,60,17.224247,1.833525,0.545398,0.71653,0.171652,0.051059,24.038402,10.681664,10.681664,9634.695279,399.793685,933.528271,970.419354,934.028271,366.080646,165950.37,489.942323,338.714094,17201,795.138047,236.382593,5.284154,5.309134,5.259175,329.543285,0.999622,1105.627561,867.331483,1106.127561,469.168517,6234.444299,288.572697,21.604415,836,262.920266,242.207826,5.278164,4.954514,5.601814,300.834594,0.933717,576.176747,1157.026533,576.676747,179.473467,3400.25098,276.696205,12.288752,594,235.571429,224.531653,6.51038,8.173865,4.846895,8.102428,0.750446
81,vesta-0082r.fit,81,0,59293.655892,2459293.655892,NaN,NaN,NaN,1.10729,NaN,-20.417621,0.2,NaN,NaN,11.448084,1.6,12,40,60,18.209495,1.687945,0.592436,0.912072,0.184399,0.064721,19.96498,9.153757,9.153757,9257.051419,462.779261,934.00816,971.067549,934.50816,365.432451,168566.23225,521.462802,323.256485,11129,650.085995,235.918348,6.082185,6.4328,5.731569,347.484425,0.983916,1105.140938,868.037238,1105.640938,468.462762,5813.13753,334.493212,17.37894,540,255.936275,241.688388,6.012448,6.191308,5.833587,321.029035,0.919029,576.527889,1157.974825,577.027889,178.525175,3443.913889,319.81078,10.768599,391,232.973105,224.552778,8.182045,8.84105,7.52304,332.127273,0.91915
82,vesta-0083r.fit,82,0,59293.656031,2459293.656031,NaN,NaN,NaN,1.10721,NaN,-20.417621,0.2,NaN,NaN,9.586762,1.6,12,40,60,17.81677,2.001641,0.49959,0.738235,0.192737,0.048105,24.134264,10.385371,10.385371,9422.644566,389.455732,933.972959,971.270874,934.472959,365.229126,167881.091991,490.109993,342.537582,17985,812.42268,235.511711,5.214988,5.298024,5.131953,328.866927,0.99532,1105.323589,868.01874,1105.823589,468.48126,6283.480052,283.494734,22.164363,903,263.113402,241.520687,5.368485,5.304301,5.43267,47.506385,0.925133,576.711753,1157.192424,577.211753,179.307576,3139.164514,267.032775,11.755727,541,235.402778,224.502901,4.317373,7.372853,1.261893,15.30561,-0.200748
83,vesta-0084r.fit,83,0,59293.656182,2459293.656182,NaN,NaN,NaN,1.107124,NaN,-20.417621,0.2,NaN,NaN,9.988312,1.6,12,40,60,17.746872,1.899686,0.526403,0.761133,0.18553,0.05141,23.316403,10.239244,10.239244,9439.623568,403.882854,933.274531,971.084913,933.774531,365.415087,167523.789855,496.086837,337.690455,15243,765.256329,235.117754,5.401656,5.139412,5.663901,75.234726,0.987605,1104.416727,867.829264,1104.916727,468.670736,6184.2287,292.951907,21.110048,812,260.923077,241.101831,7.234412,6.756309,7.712514,85.970723,0.982334,575.27596,1157.391023,575.77596,179.108977,3255.394868,278.029746,11.708801,546,234.75,224.316042,5.541519,6.832364,4.250674,328.105661,-0.000996
